取引相手,No.,支払い日,商品名,注文数,商品価格,通貨,商品価格(円),状況,,仕入れ,東京からの発送(仕入れ終了),,数量×商品価格(円),仕入れ合計,還付,送料(1つ550円),還付込み利益,累積利益,,,,,,,,,,,
ヴィン,182,Thu Feb 27 2025 09:00:00 GMT+0900 (Japan Standard Time),スイッチ未対策,7,110,ドル,16415.3,complete,,,,,114907.09999999999,108760,0,2100,4047.0999999999913,1275818.844545455,,,,,,,,,,,
ヴィン,207,,switchタブレット 未対策,10,110,ドル,16280,complete,,,,,162800,150000,13636.363636363636,3000,23436.363636363636,975732.8754545456,,,,,,,,,,,